<?xml version="1.0" encoding="UTF-8"?>
<root>
  <item name="com.heytap.mcssdk.statis.McsStatisticUtils boolean statisticEvent(android.content.Context, java.lang.String) 1">
    <annotation name="androidx.annotation.StringDef">
      <val name="value" val="{com.heytap.mcssdk.constant.McsEventConstant.EventId.EVENT_ID_PUSH_REGISTER, com.heytap.mcssdk.constant.McsEventConstant.EventId.EVENT_ID_PUSH_TRANSMIT}" />
    </annotation>
  </item>
  <item name="com.heytap.mcssdk.statis.McsStatisticUtils boolean statisticEvent(android.content.Context, java.lang.String, com.heytap.msp.push.mode.DataMessage) 1">
    <annotation name="androidx.annotation.StringDef">
      <val name="value" val="{com.heytap.mcssdk.constant.McsEventConstant.EventId.EVENT_ID_PUSH_REGISTER, com.heytap.mcssdk.constant.McsEventConstant.EventId.EVENT_ID_PUSH_TRANSMIT}" />
    </annotation>
  </item>
</root>

