<?xml version="1.0" encoding="UTF-8"?>
<root>
  <item name="com.heytap.msp.push.constant.AppConfigConstant.AppConfig">
    <annotation name="androidx.annotation.IntDef">
      <val name="value" val="{com.heytap.msp.push.constant.AppConfigConstant.AppConfig.APP_CONFIG_NOTIFICATION_SWITCH_NO_DEFINE, com.heytap.msp.push.constant.AppConfigConstant.AppConfig.APP_CONFIG_NOTIFICATION_SWITCH_CLOSE, com.heytap.msp.push.constant.AppConfigConstant.AppConfig.APP_CONFIG_NOTIFICATION_SWITCH_OPEN}" />
    </annotation>
  </item>
  <item name="com.heytap.msp.push.constant.EventConstant.EventId">
    <annotation name="androidx.annotation.StringDef">
      <val name="value" val="{com.heytap.msp.push.constant.EventConstant.EventId.EVENT_ID_PUSH_SHOW, com.heytap.msp.push.constant.EventConstant.EventId.EVENT_ID_PUSH_NO_SHOW, com.heytap.msp.push.constant.EventConstant.EventId.EVENT_ID_READ_MESSAGE, com.heytap.msp.push.constant.EventConstant.EventId.EVENT_ID_PUSH_CLICK, com.heytap.msp.push.constant.EventConstant.EventId.EVENT_ID_PUSH_DELETE, com.heytap.msp.push.constant.EventConstant.EventId.EVENT_ID_PUSH_CHANNEL_NONE_IMPORTANCE, com.heytap.msp.push.constant.EventConstant.EventId.EVENT_ID_PUSH_APP_NO_SHOW}" />
    </annotation>
  </item>
</root>

