<?xml version="1.0" encoding="UTF-8"?>
<root>
  <item name="com.chat.base.ui.components.AlignImageSpan AlignImageSpan(android.content.Context, java.lang.String, int, int, android.graphics.Bitmap, int) 5">
    <annotation name="androidx.annotation.IntDef">
      <val name="value" val="{android.text.style.DynamicDrawableSpan.ALIGN_BOTTOM, android.text.style.DynamicDrawableSpan.ALIGN_BASELINE, com.chat.base.ui.components.AlignImageSpan.ALIGN_TOP, com.chat.base.ui.components.AlignImageSpan.ALIGN_CENTER}" />
    </annotation>
  </item>
  <item name="com.chat.base.ui.components.AlignImageSpan AlignImageSpan(android.graphics.drawable.Drawable, int) 1">
    <annotation name="androidx.annotation.IntDef">
      <val name="value" val="{android.text.style.DynamicDrawableSpan.ALIGN_BOTTOM, android.text.style.DynamicDrawableSpan.ALIGN_BASELINE, com.chat.base.ui.components.AlignImageSpan.ALIGN_TOP, com.chat.base.ui.components.AlignImageSpan.ALIGN_CENTER}" />
    </annotation>
  </item>
  <item name="com.chat.base.ui.components.AlignImageSpan.Alignment">
    <annotation name="androidx.annotation.IntDef">
      <val name="value" val="{android.text.style.DynamicDrawableSpan.ALIGN_BOTTOM, android.text.style.DynamicDrawableSpan.ALIGN_BASELINE, com.chat.base.ui.components.AlignImageSpan.ALIGN_TOP, com.chat.base.ui.components.AlignImageSpan.ALIGN_CENTER}" />
    </annotation>
  </item>
</root>

