<?xml version="1.0" encoding="UTF-8"?>
<root>
  <item name="com.heytap.msp.push.statis.StatisticUtils boolean statisticEvent(android.content.Context, java.lang.String) 1">
    <annotation name="androidx.annotation.StringDef">
      <val name="value" val="{com.heytap.msp.push.constant.EventConstant.EventId.EVENT_ID_PUSH_SHOW, com.heytap.msp.push.constant.EventConstant.EventId.EVENT_ID_PUSH_NO_SHOW, com.heytap.msp.push.constant.EventConstant.EventId.EVENT_ID_READ_MESSAGE, com.heytap.msp.push.constant.EventConstant.EventId.EVENT_ID_PUSH_CLICK, com.heytap.msp.push.constant.EventConstant.EventId.EVENT_ID_PUSH_DELETE, com.heytap.msp.push.constant.EventConstant.EventId.EVENT_ID_PUSH_CHANNEL_NONE_IMPORTANCE, com.heytap.msp.push.constant.EventConstant.EventId.EVENT_ID_PUSH_APP_NO_SHOW}" />
    </annotation>
  </item>
  <item name="com.heytap.msp.push.statis.StatisticUtils boolean statisticEvent(android.content.Context, java.lang.String, com.heytap.msp.push.mode.DataMessage) 1">
    <annotation name="androidx.annotation.StringDef">
      <val name="value" val="{com.heytap.msp.push.constant.EventConstant.EventId.EVENT_ID_PUSH_SHOW, com.heytap.msp.push.constant.EventConstant.EventId.EVENT_ID_PUSH_NO_SHOW, com.heytap.msp.push.constant.EventConstant.EventId.EVENT_ID_READ_MESSAGE, com.heytap.msp.push.constant.EventConstant.EventId.EVENT_ID_PUSH_CLICK, com.heytap.msp.push.constant.EventConstant.EventId.EVENT_ID_PUSH_DELETE, com.heytap.msp.push.constant.EventConstant.EventId.EVENT_ID_PUSH_CHANNEL_NONE_IMPORTANCE, com.heytap.msp.push.constant.EventConstant.EventId.EVENT_ID_PUSH_APP_NO_SHOW}" />
    </annotation>
  </item>
</root>

